"N","id","name","artist","listens","url"
19,259287,"Lucky numbers","Katherine",393492,"https://www.jamendo.com/track/0259287"
25,1136142,"No Ska Today","Skabrot",359984,"https://www.jamendo.com/track/1136142"
6,1387751,"Northern Soul","Brady Harris",1013201,"https://www.jamendo.com/track/1387751"
3,262988,"New Friends","Loudog",1702385,"https://www.jamendo.com/track/0262988"
31,148954,"Rocksteady","Houdini Roadshow",320458,"https://www.jamendo.com/track/0148954"
16,1047954,"Brand New Life","Café Del Chillia",474976,"https://www.jamendo.com/track/1047954"
14,415208,"La Olla Express","LA OLLA EXPRESS",547484,"https://www.jamendo.com/track/0415208"
27,231068,"Coming Home","Loudog",348801,"https://www.jamendo.com/track/0231068"
15,259285,"Mute","Katherine",512040,"https://www.jamendo.com/track/0259285"
